route_id,step_id,start_lon,start_lat,start_time,end_lon,end_lat,end_time,travel_mode,age_group,foreign
2,0,37.3387,55.7278,36000,37.3377,55.7281,37652,WALKING,0,0
2,0,37.3377,55.7281,37652,37.3358,55.7285,39304,WALKING,0,0
2,0,37.3358,55.7285,39304,37.3359,55.7286,40956,WALKING,0,0
2,0,37.3359,55.7286,40956,37.3449,55.7356,42608,WALKING,0,0
2,0,37.3449,55.7356,42608,37.3394,55.7403,44260,WALKING,0,0
2,0,37.3394,55.7403,44260,37.3382,55.7401,45912,WALKING,0,0
3,0,37.3387,55.7278,10800,37.3377,55.7281,12844,WALKING,3,1
3,0,37.3377,55.7281,12844,37.3321,55.7293,14888,WALKING,3,1
3,0,37.3321,55.7293,14888,37.336,55.7346,16932,WALKING,3,1
3,0,37.336,55.7346,16932,37.3309,55.7451,18976,WALKING,3,1
3,0,37.3309,55.7451,18976,37.3313,55.7463,21020,WALKING,3,1
6,0,37.3387,55.7278,28800,37.3377,55.7281,29238,DRIVING,0,0
6,0,37.3377,55.7281,29238,37.3384,55.7324,29676,DRIVING,0,0
6,0,37.3384,55.7324,29676,37.3389,55.7343,30114,DRIVING,0,0
6,0,37.3389,55.7343,30114,37.3521,55.7294,30552,DRIVING,0,0
6,0,37.3521,55.7294,30552,37.3537,55.7233,30990,DRIVING,0,0
6,0,37.3537,55.7233,30990,37.3722,55.7237,31428,DRIVING,0,0
6,0,37.3722,55.7237,31428,37.3734,55.7235,31866,DRIVING,0,0
6,1,37.3734,55.7235,29238,37.3999,55.7424,30217,BUS,0,0
6,2,37.3999,55.7424,30217,37.3992,55.7432,30314,WALKING,0,0
6,3,37.3992,55.7432,30314,37.3565,55.7765,31304,SHARE_TAXI,0,0
6,4,37.3565,55.7765,31304,37.3564,55.7761,32502,WALKING,0,0
6,4,37.3564,55.7761,32502,37.3555,55.7765,33700,WALKING,0,0
6,4,37.3555,55.7765,33700,37.3514,55.7761,34898,WALKING,0,0
6,4,37.3514,55.7761,34898,37.35,55.7766,36096,WALKING,0,0
6,4,37.35,55.7766,36096,37.3447,55.7726,37294,WALKING,0,0
6,4,37.3447,55.7726,37294,37.3389,55.7691,38492,WALKING,0,0
9,0,37.3387,55.7278,43200,37.3377,55.7281,43638,DRIVING,1,1
9,0,37.3377,55.7281,43638,37.3384,55.7324,44076,DRIVING,1,1
9,0,37.3384,55.7324,44076,37.3389,55.7343,44514,DRIVING,1,1
9,0,37.3389,55.7343,44514,37.3521,55.7294,44952,DRIVING,1,1
9,0,37.3521,55.7294,44952,37.3537,55.7233,45390,DRIVING,1,1
9,0,37.3537,55.7233,45390,37.3722,55.7237,45828,DRIVING,1,1
9,0,37.3722,55.7237,45828,37.3734,55.7235,46266,DRIVING,1,1
9,1,37.3734,55.7235,43638,37.4154,55.7419,44957,BUS,1,1
9,2,37.4154,55.7419,44957,37.4156,55.7414,45134,WALKING,1,1
9,2,37.4156,55.7414,45134,37.417,55.7406,45311,WALKING,1,1
9,3,37.417,55.7406,45134,37.3614,55.846,46451,SUBWAY,1,1
9,4,37.3614,55.846,46451,37.3612,55.8466,46555,WALKING,1,1
9,4,37.3612,55.8466,46555,37.3613,55.8463,46659,WALKING,1,1
9,5,37.3613,55.8463,46555,37.3917,55.8329,46764,SHARE_TAXI,1,1
9,6,37.3917,55.8329,46764,37.3922,55.8333,46818,WALKING,1,1
9,7,37.3922,55.8333,46818,37.3212,55.7774,47993,SHARE_TAXI,1,1
9,8,37.3212,55.7774,47993,37.3212,55.7774,49430,WALKING,1,1
9,8,37.3212,55.7774,49430,37.3275,55.777,50867,WALKING,1,1
9,8,37.3275,55.777,50867,37.3335,55.7851,52304,WALKING,1,1
9,8,37.3335,55.7851,52304,37.3408,55.7871,53741,WALKING,1,1
10,0,37.3387,55.7278,3600,37.3377,55.7281,4038,DRIVING,1,1
10,0,37.3377,55.7281,4038,37.3384,55.7324,4476,DRIVING,1,1
10,0,37.3384,55.7324,4476,37.3389,55.7343,4914,DRIVING,1,1
10,0,37.3389,55.7343,4914,37.3521,55.7294,5352,DRIVING,1,1
10,0,37.3521,55.7294,5352,37.3537,55.7233,5790,DRIVING,1,1
10,0,37.3537,55.7233,5790,37.3722,55.7237,6228,DRIVING,1,1
10,0,37.3722,55.7237,6228,37.3734,55.7235,6666,DRIVING,1,1
10,1,37.3734,55.7235,4038,37.4154,55.7419,5357,BUS,1,1
10,2,37.4154,55.7419,5357,37.4156,55.7414,5534,WALKING,1,1
10,2,37.4156,55.7414,5534,37.417,55.7406,5711,WALKING,1,1
10,3,37.417,55.7406,5534,37.3614,55.846,6851,SUBWAY,1,1
10,4,37.3614,55.846,6851,37.3612,55.8466,6955,WALKING,1,1
10,4,37.3612,55.8466,6955,37.3613,55.8463,7059,WALKING,1,1
10,5,37.3613,55.8463,6955,37.3917,55.8329,7164,SHARE_TAXI,1,1
10,6,37.3917,55.8329,7164,37.3922,55.8333,7218,WALKING,1,1
10,7,37.3922,55.8333,7218,37.3127,55.8001,7841,SHARE_TAXI,1,1
10,8,37.3127,55.8001,7841,37.3068,55.7993,10253,WALKING,1,1
10,8,37.3068,55.7993,10253,37.3075,55.7971,12665,WALKING,1,1
10,8,37.3075,55.7971,12665,37.3276,55.7913,15077,WALKING,1,1
10,8,37.3276,55.7913,15077,37.3386,55.7933,17489,WALKING,1,1
11,0,37.3387,55.7278,54000,37.3377,55.7281,56898,WALKING,2,0
11,0,37.3377,55.7281,56898,37.3321,55.7293,59796,WALKING,2,0
11,0,37.3321,55.7293,59796,37.3419,55.7236,62694,WALKING,2,0
11,0,37.3419,55.7236,62694,37.3346,55.7187,65592,WALKING,2,0
11,0,37.3346,55.7187,65592,37.3494,55.7088,68490,WALKING,2,0
11,0,37.3494,55.7088,68490,37.3488,55.7088,71388,WALKING,2,0
11,0,37.3488,55.7088,71388,37.3485,55.7094,74286,WALKING,2,0
12,0,37.3387,55.7278,46800,37.3377,55.7281,49374,WALKING,0,1
12,0,37.3377,55.7281,49374,37.3321,55.7293,51948,WALKING,0,1
12,0,37.3321,55.7293,51948,37.3419,55.7236,54522,WALKING,0,1
12,0,37.3419,55.7236,54522,37.3346,55.7187,57096,WALKING,0,1
12,0,37.3346,55.7187,57096,37.3464,55.7139,59670,WALKING,0,1
12,0,37.3464,55.7139,59670,37.3486,55.7155,62244,WALKING,0,1
12,0,37.3486,55.7155,62244,37.349,55.7161,64818,WALKING,0,1
13,0,37.3387,55.7278,32400,37.3377,55.7281,33908,WALKING,1,0
13,0,37.3377,55.7281,33908,37.3321,55.7293,35416,WALKING,1,0
13,0,37.3321,55.7293,35416,37.3446,55.7214,36924,WALKING,1,0
13,0,37.3446,55.7214,36924,37.3488,55.722,38432,WALKING,1,0
14,0,37.3387,55.7278,72000,37.3377,55.7281,73505,WALKING,0,0
14,0,37.3377,55.7281,73505,37.3358,55.7285,75010,WALKING,0,0
14,0,37.3358,55.7285,75010,37.3359,55.7286,76515,WALKING,0,0
14,0,37.3359,55.7286,76515,37.3506,55.731,78020,WALKING,0,0
15,0,37.3387,55.7278,82800,37.3377,55.7281,84044,WALKING,1,0
15,0,37.3377,55.7281,84044,37.3358,55.7285,85288,WALKING,1,0
15,0,37.3358,55.7285,85288,37.3359,55.7286,86532,WALKING,1,0
15,0,37.3359,55.7286,86532,37.3449,55.7356,87776,WALKING,1,0
15,0,37.3449,55.7356,87776,37.3466,55.7366,89020,WALKING,1,0
15,0,37.3466,55.7366,89020,37.3484,55.7363,90264,WALKING,1,0
16,0,37.3387,55.7278,61200,37.3377,55.7281,62846,WALKING,3,0
16,0,37.3377,55.7281,62846,37.3358,55.7285,64492,WALKING,3,0
16,0,37.3358,55.7285,64492,37.3359,55.7286,66138,WALKING,3,0
16,0,37.3359,55.7286,66138,37.3449,55.7356,67784,WALKING,3,0
16,0,37.3449,55.7356,67784,37.3534,55.74,69430,WALKING,3,0
20,0,37.3387,55.7278,7200,37.3377,55.7281,7638,DRIVING,2,1
20,0,37.3377,55.7281,7638,37.3384,55.7324,8076,DRIVING,2,1
20,0,37.3384,55.7324,8076,37.3389,55.7343,8514,DRIVING,2,1
20,0,37.3389,55.7343,8514,37.3521,55.7294,8952,DRIVING,2,1
20,0,37.3521,55.7294,8952,37.3537,55.7233,9390,DRIVING,2,1
20,0,37.3537,55.7233,9390,37.3722,55.7237,9828,DRIVING,2,1
20,0,37.3722,55.7237,9828,37.3734,55.7235,10266,DRIVING,2,1
20,1,37.3734,55.7235,7638,37.3999,55.7424,8617,BUS,2,1
20,2,37.3999,55.7424,8617,37.3992,55.7432,8714,WALKING,2,1
20,3,37.3992,55.7432,8714,37.3565,55.7765,9704,SHARE_TAXI,2,1
20,4,37.3565,55.7765,9704,37.3564,55.7761,10432,WALKING,2,1
20,4,37.3564,55.7761,10432,37.3555,55.7765,11160,WALKING,2,1
20,4,37.3555,55.7765,11160,37.3514,55.7761,11888,WALKING,2,1
20,4,37.3514,55.7761,11888,37.3488,55.7708,12616,WALKING,2,1
21,0,37.3387,55.7278,50400,37.3377,55.7281,50838,DRIVING,1,0
21,0,37.3377,55.7281,50838,37.3384,55.7324,51276,DRIVING,1,0
21,0,37.3384,55.7324,51276,37.3389,55.7343,51714,DRIVING,1,0
21,0,37.3389,55.7343,51714,37.3521,55.7294,52152,DRIVING,1,0
21,0,37.3521,55.7294,52152,37.3537,55.7233,52590,DRIVING,1,0
21,0,37.3537,55.7233,52590,37.3722,55.7237,53028,DRIVING,1,0
21,0,37.3722,55.7237,53028,37.3734,55.7235,53466,DRIVING,1,0
21,1,37.3734,55.7235,50838,37.3999,55.7424,51817,BUS,1,0
21,2,37.3999,55.7424,51817,37.3992,55.7432,51914,WALKING,1,0
21,3,37.3992,55.7432,51914,37.3565,55.7765,52904,SHARE_TAXI,1,0
21,4,37.3565,55.7765,52904,37.3487,55.7777,53405,WALKING,1,0
22,0,37.3387,55.7278,28800,37.3377,55.7281,29238,DRIVING,2,0
22,0,37.3377,55.7281,29238,37.3384,55.7324,29676,DRIVING,2,0
22,0,37.3384,55.7324,29676,37.3389,55.7343,30114,DRIVING,2,0
22,0,37.3389,55.7343,30114,37.3521,55.7294,30552,DRIVING,2,0
22,0,37.3521,55.7294,30552,37.3537,55.7233,30990,DRIVING,2,0
22,0,37.3537,55.7233,30990,37.3722,55.7237,31428,DRIVING,2,0
22,0,37.3722,55.7237,31428,37.3734,55.7235,31866,DRIVING,2,0
22,1,37.3734,55.7235,29238,37.4154,55.7419,30557,BUS,2,0
22,2,37.4154,55.7419,30557,37.4153,55.7416,30593,WALKING,2,0
22,3,37.4153,55.7416,30593,37.3554,55.7873,31538,BUS,2,0
22,4,37.3554,55.7873,31538,37.3552,55.7864,32064,WALKING,2,0
22,4,37.3552,55.7864,32064,37.3534,55.7853,32590,WALKING,2,0
22,4,37.3534,55.7853,32590,37.3496,55.7856,33116,WALKING,2,0
22,4,37.3496,55.7856,33116,37.3486,55.7845,33642,WALKING,2,0
23,0,37.3387,55.7278,25200,37.3377,55.7281,25638,DRIVING,3,1
23,0,37.3377,55.7281,25638,37.3384,55.7324,26076,DRIVING,3,1
23,0,37.3384,55.7324,26076,37.3389,55.7343,26514,DRIVING,3,1
23,0,37.3389,55.7343,26514,37.3521,55.7294,26952,DRIVING,3,1
23,0,37.3521,55.7294,26952,37.3537,55.7233,27390,DRIVING,3,1
23,0,37.3537,55.7233,27390,37.3722,55.7237,27828,DRIVING,3,1
23,0,37.3722,55.7237,27828,37.3734,55.7235,28266,DRIVING,3,1
23,1,37.3734,55.7235,25638,37.4154,55.7419,26957,BUS,3,1
23,2,37.4154,55.7419,26957,37.4153,55.7416,26993,WALKING,3,1
23,3,37.4153,55.7416,26993,37.3554,55.7873,27938,BUS,3,1
23,4,37.3554,55.7873,27938,37.3487,55.7913,28134,WALKING,3,1
25,0,37.3387,55.7278,57600,37.3377,55.7281,58038,DRIVING,3,1
25,0,37.3377,55.7281,58038,37.3384,55.7324,58476,DRIVING,3,1
25,0,37.3384,55.7324,58476,37.3389,55.7343,58914,DRIVING,3,1
25,0,37.3389,55.7343,58914,37.3521,55.7294,59352,DRIVING,3,1
25,0,37.3521,55.7294,59352,37.3537,55.7233,59790,DRIVING,3,1
25,0,37.3537,55.7233,59790,37.3722,55.7237,60228,DRIVING,3,1
25,0,37.3722,55.7237,60228,37.3734,55.7235,60666,DRIVING,3,1
25,1,37.3734,55.7235,58038,37.4154,55.7419,59357,BUS,3,1
25,2,37.4154,55.7419,59357,37.4153,55.7416,59393,WALKING,3,1
25,3,37.4153,55.7416,59393,37.3569,55.7914,60397,BUS,3,1
25,4,37.3569,55.7914,60397,37.3577,55.7926,61853,WALKING,3,1
25,4,37.3577,55.7926,61853,37.3583,55.7933,63309,WALKING,3,1
25,4,37.3583,55.7933,63309,37.3446,55.8046,64765,WALKING,3,1
26,0,37.3387,55.7278,68400,37.3377,55.7281,68838,DRIVING,3,0
26,0,37.3377,55.7281,68838,37.3384,55.7324,69276,DRIVING,3,0
26,0,37.3384,55.7324,69276,37.3389,55.7343,69714,DRIVING,3,0
26,0,37.3389,55.7343,69714,37.3521,55.7294,70152,DRIVING,3,0
26,0,37.3521,55.7294,70152,37.3537,55.7233,70590,DRIVING,3,0
26,0,37.3537,55.7233,70590,37.3722,55.7237,71028,DRIVING,3,0
26,0,37.3722,55.7237,71028,37.3734,55.7235,71466,DRIVING,3,0
26,1,37.3734,55.7235,68838,37.4154,55.7419,70157,BUS,3,0
26,2,37.4154,55.7419,70157,37.4156,55.7414,70334,WALKING,3,0
26,2,37.4156,55.7414,70334,37.417,55.7406,70511,WALKING,3,0
26,3,37.417,55.7406,70334,37.3614,55.846,71651,SUBWAY,3,0
26,4,37.3614,55.846,71651,37.3612,55.8466,71792,WALKING,3,0
26,4,37.3612,55.8466,71792,37.3613,55.8473,71933,WALKING,3,0
26,5,37.3613,55.8473,71792,37.3519,55.8179,72367,SHARE_TAXI,3,0
26,6,37.3519,55.8179,72367,37.3527,55.8176,73304,WALKING,3,0
26,6,37.3527,55.8176,73304,37.3527,55.8176,74241,WALKING,3,0
26,6,37.3527,55.8176,74241,37.356,55.8174,75178,WALKING,3,0
26,6,37.356,55.8174,75178,37.3521,55.8158,76115,WALKING,3,0
26,6,37.3521,55.8158,76115,37.3522,55.8123,77052,WALKING,3,0
26,6,37.3522,55.8123,77052,37.3491,55.8114,77989,WALKING,3,0
27,0,37.3387,55.7278,21600,37.3377,55.7281,22038,DRIVING,3,1
27,0,37.3377,55.7281,22038,37.3384,55.7324,22476,DRIVING,3,1
27,0,37.3384,55.7324,22476,37.3389,55.7343,22914,DRIVING,3,1
27,0,37.3389,55.7343,22914,37.3521,55.7294,23352,DRIVING,3,1
27,0,37.3521,55.7294,23352,37.3537,55.7233,23790,DRIVING,3,1
27,0,37.3537,55.7233,23790,37.3722,55.7237,24228,DRIVING,3,1
27,0,37.3722,55.7237,24228,37.3734,55.7235,24666,DRIVING,3,1
27,1,37.3734,55.7235,22038,37.3973,55.7248,22369,BUS,3,1
27,2,37.3973,55.7248,22369,37.3983,55.7237,22513,WALKING,3,1
27,3,37.3983,55.7237,22513,37.4076,55.7169,22734,BUS,3,1
27,4,37.4076,55.7169,22734,37.4074,55.7172,22775,WALKING,3,1
27,5,37.4074,55.7172,22775,37.3622,55.7086,23220,SHARE_TAXI,3,1
27,6,37.3622,55.7086,23220,37.3627,55.7087,24383,WALKING,3,1
27,6,37.3627,55.7087,24383,37.3625,55.7088,25546,WALKING,3,1
27,6,37.3625,55.7088,25546,37.364,55.7091,26709,WALKING,3,1
27,6,37.364,55.7091,26709,37.3561,55.7052,27872,WALKING,3,1
27,6,37.3561,55.7052,27872,37.3566,55.7047,29035,WALKING,3,1
27,6,37.3566,55.7047,29035,37.3556,55.704,30198,WALKING,3,1
27,6,37.3556,55.704,30198,37.3565,55.7005,31361,WALKING,3,1
27,6,37.3565,55.7005,31361,37.3573,55.7005,32524,WALKING,3,1
27,6,37.3573,55.7005,32524,37.3576,55.6991,33687,WALKING,3,1
28,0,37.3387,55.7278,14400,37.3377,55.7281,14838,DRIVING,1,0
28,0,37.3377,55.7281,14838,37.3384,55.7324,15276,DRIVING,1,0
28,0,37.3384,55.7324,15276,37.3389,55.7343,15714,DRIVING,1,0
28,0,37.3389,55.7343,15714,37.3521,55.7294,16152,DRIVING,1,0
28,0,37.3521,55.7294,16152,37.3537,55.7233,16590,DRIVING,1,0
28,0,37.3537,55.7233,16590,37.3722,55.7237,17028,DRIVING,1,0
28,0,37.3722,55.7237,17028,37.3734,55.7235,17466,DRIVING,1,0
28,1,37.3734,55.7235,14838,37.3973,55.7248,15169,BUS,1,0
28,2,37.3973,55.7248,15169,37.3983,55.7237,15313,WALKING,1,0
28,3,37.3983,55.7237,15313,37.4076,55.7169,15534,BUS,1,0
28,4,37.4076,55.7169,15534,37.4074,55.7172,15575,WALKING,1,0
28,5,37.4074,55.7172,15575,37.3622,55.7086,16020,SHARE_TAXI,1,0
28,6,37.3622,55.7086,16020,37.3627,55.7087,16455,WALKING,1,0
28,6,37.3627,55.7087,16455,37.3625,55.7088,16890,WALKING,1,0
28,6,37.3625,55.7088,16890,37.364,55.7091,17325,WALKING,1,0
28,6,37.364,55.7091,17325,37.3585,55.7064,17760,WALKING,1,0
29,0,37.3387,55.7278,36000,37.3377,55.7281,38964,WALKING,0,0
29,0,37.3377,55.7281,38964,37.3321,55.7293,41928,WALKING,0,0
29,0,37.3321,55.7293,41928,37.3518,55.7193,44892,WALKING,0,0
29,0,37.3518,55.7193,44892,37.3593,55.7177,47856,WALKING,0,0
29,0,37.3593,55.7177,47856,37.3574,55.7172,50820,WALKING,0,0
29,0,37.3574,55.7172,50820,37.3573,55.7158,53784,WALKING,0,0
29,0,37.3573,55.7158,53784,37.3631,55.7156,56748,WALKING,0,0
29,0,37.3631,55.7156,56748,37.3638,55.715,59712,WALKING,0,0
29,0,37.3638,55.715,59712,37.3593,55.7134,62676,WALKING,0,0
29,0,37.3593,55.7134,62676,37.3599,55.7129,65640,WALKING,0,0
29,0,37.3599,55.7129,65640,37.3593,55.7127,68604,WALKING,0,0
30,0,37.3387,55.7278,50400,37.3377,55.7281,52678,WALKING,3,1
30,0,37.3377,55.7281,52678,37.3321,55.7293,54956,WALKING,3,1
30,0,37.3321,55.7293,54956,37.3518,55.7193,57234,WALKING,3,1
30,0,37.3518,55.7193,57234,37.3529,55.719,59512,WALKING,3,1
30,0,37.3529,55.719,59512,37.3545,55.7212,61790,WALKING,3,1
30,0,37.3545,55.7212,61790,37.3582,55.7203,64068,WALKING,3,1
30,0,37.3582,55.7203,64068,37.3588,55.7192,66346,WALKING,3,1
31,0,37.3387,55.7278,64800,37.3377,55.7281,68138,WALKING,2,0
31,0,37.3377,55.7281,68138,37.3321,55.7293,71476,WALKING,2,0
31,0,37.3321,55.7293,71476,37.3518,55.7193,74814,WALKING,2,0
31,0,37.3518,55.7193,74814,37.3529,55.719,78152,WALKING,2,0
31,0,37.3529,55.719,78152,37.3545,55.7212,81490,WALKING,2,0
31,0,37.3545,55.7212,81490,37.3537,55.7233,84828,WALKING,2,0
31,0,37.3537,55.7233,84828,37.3656,55.7235,88166,WALKING,2,0
31,0,37.3656,55.7235,88166,37.3653,55.727,91504,WALKING,2,0
31,0,37.3653,55.727,91504,37.3587,55.7268,94842,WALKING,2,0
31,0,37.3587,55.7268,94842,37.3588,55.7265,98180,WALKING,2,0
32,0,37.3387,55.7278,43200,37.3377,55.7281,45008,WALKING,3,1
32,0,37.3377,55.7281,45008,37.3358,55.7285,46816,WALKING,3,1
32,0,37.3358,55.7285,46816,37.3359,55.7286,48624,WALKING,3,1
32,0,37.3359,55.7286,48624,37.3449,55.7356,50432,WALKING,3,1
32,0,37.3449,55.7356,50432,37.3466,55.7366,52240,WALKING,3,1
32,0,37.3466,55.7366,52240,37.3534,55.7355,54048,WALKING,3,1
32,0,37.3534,55.7355,54048,37.354,55.7346,55856,WALKING,3,1
32,0,37.354,55.7346,55856,37.359,55.733,57664,WALKING,3,1
33,0,37.3387,55.7278,79200,37.3377,55.7281,80895,WALKING,2,0
33,0,37.3377,55.7281,80895,37.3358,55.7285,82590,WALKING,2,0
33,0,37.3358,55.7285,82590,37.3359,55.7286,84285,WALKING,2,0
33,0,37.3359,55.7286,84285,37.3449,55.7356,85980,WALKING,2,0
33,0,37.3449,55.7356,85980,37.3543,55.7397,87675,WALKING,2,0
34,0,37.3387,55.7278,0,37.3377,55.7281,438,DRIVING,2,1
34,0,37.3377,55.7281,438,37.3384,55.7324,876,DRIVING,2,1
34,0,37.3384,55.7324,876,37.3389,55.7343,1314,DRIVING,2,1
34,0,37.3389,55.7343,1314,37.3521,55.7294,1752,DRIVING,2,1
34,0,37.3521,55.7294,1752,37.3537,55.7233,2190,DRIVING,2,1
34,0,37.3537,55.7233,2190,37.3722,55.7237,2628,DRIVING,2,1
34,0,37.3722,55.7237,2628,37.3734,55.7235,3066,DRIVING,2,1
34,1,37.3734,55.7235,438,37.4048,55.7344,1122,BUS,2,1
34,2,37.4048,55.7344,1122,37.4021,55.734,1295,WALKING,2,1
34,3,37.4021,55.734,1295,37.3694,55.7538,2227,SHARE_TAXI,2,1
34,4,37.3694,55.7538,2227,37.3592,55.747,3219,WALKING,2,1
35,0,37.3387,55.7278,61200,37.3377,55.7281,61638,DRIVING,3,1
35,0,37.3377,55.7281,61638,37.3384,55.7324,62076,DRIVING,3,1
35,0,37.3384,55.7324,62076,37.3389,55.7343,62514,DRIVING,3,1
35,0,37.3389,55.7343,62514,37.3521,55.7294,62952,DRIVING,3,1
35,0,37.3521,55.7294,62952,37.3537,55.7233,63390,DRIVING,3,1
35,0,37.3537,55.7233,63390,37.3722,55.7237,63828,DRIVING,3,1
35,0,37.3722,55.7237,63828,37.3734,55.7235,64266,DRIVING,3,1
35,1,37.3734,55.7235,61638,37.4048,55.7344,62322,BUS,3,1
35,2,37.4048,55.7344,62322,37.4021,55.734,62495,WALKING,3,1
35,3,37.4021,55.734,62495,37.3694,55.7538,63427,SHARE_TAXI,3,1
35,4,37.3694,55.7538,63427,37.3592,55.7538,64069,WALKING,3,1
37,0,37.3387,55.7278,10800,37.3377,55.7281,11238,DRIVING,1,1
37,0,37.3377,55.7281,11238,37.3384,55.7324,11676,DRIVING,1,1
37,0,37.3384,55.7324,11676,37.3389,55.7343,12114,DRIVING,1,1
37,0,37.3389,55.7343,12114,37.3521,55.7294,12552,DRIVING,1,1
37,0,37.3521,55.7294,12552,37.3537,55.7233,12990,DRIVING,1,1
37,0,37.3537,55.7233,12990,37.3722,55.7237,13428,DRIVING,1,1
37,0,37.3722,55.7237,13428,37.3734,55.7235,13866,DRIVING,1,1
37,1,37.3734,55.7235,11238,37.3999,55.7424,12217,BUS,1,1
37,2,37.3999,55.7424,12217,37.3992,55.7432,12314,WALKING,1,1
37,3,37.3992,55.7432,12314,37.3644,55.7724,13180,SHARE_TAXI,1,1
37,4,37.3644,55.7724,13180,37.3672,55.7699,13901,WALKING,1,1
37,4,37.3672,55.7699,13901,37.3655,55.77,14622,WALKING,1,1
37,4,37.3655,55.77,14622,37.366,55.7691,15343,WALKING,1,1
37,4,37.366,55.7691,15343,37.3602,55.768,16064,WALKING,1,1
38,0,37.3387,55.7278,14400,37.3377,55.7281,14838,DRIVING,0,0
38,0,37.3377,55.7281,14838,37.3384,55.7324,15276,DRIVING,0,0
38,0,37.3384,55.7324,15276,37.3389,55.7343,15714,DRIVING,0,0
38,0,37.3389,55.7343,15714,37.3521,55.7294,16152,DRIVING,0,0
38,0,37.3521,55.7294,16152,37.3537,55.7233,16590,DRIVING,0,0
38,0,37.3537,55.7233,16590,37.3722,55.7237,17028,DRIVING,0,0
38,0,37.3722,55.7237,17028,37.3734,55.7235,17466,DRIVING,0,0
38,1,37.3734,55.7235,14838,37.3999,55.7424,15817,BUS,0,0
38,2,37.3999,55.7424,15817,37.3992,55.7432,15914,WALKING,0,0
38,3,37.3992,55.7432,15914,37.3565,55.7765,16904,SHARE_TAXI,0,0
38,4,37.3565,55.7765,16904,37.3564,55.7761,17117,WALKING,0,0
38,4,37.3564,55.7761,17117,37.3597,55.7746,17330,WALKING,0,0
39,0,37.3387,55.7278,46800,37.3377,55.7281,47238,DRIVING,0,0
39,0,37.3377,55.7281,47238,37.3384,55.7324,47676,DRIVING,0,0
39,0,37.3384,55.7324,47676,37.3389,55.7343,48114,DRIVING,0,0
39,0,37.3389,55.7343,48114,37.3521,55.7294,48552,DRIVING,0,0
39,0,37.3521,55.7294,48552,37.3537,55.7233,48990,DRIVING,0,0
39,0,37.3537,55.7233,48990,37.3722,55.7237,49428,DRIVING,0,0
39,0,37.3722,55.7237,49428,37.3734,55.7235,49866,DRIVING,0,0
39,1,37.3734,55.7235,47238,37.3999,55.7424,48217,BUS,0,0
39,2,37.3999,55.7424,48217,37.3992,55.7432,48314,WALKING,0,0
39,3,37.3992,55.7432,48314,37.3588,55.7819,49416,SHARE_TAXI,0,0
39,4,37.3588,55.7819,49416,37.3583,55.7811,49487,WALKING,0,0
40,0,37.3387,55.7278,32400,37.3377,55.7281,32838,DRIVING,2,0
40,0,37.3377,55.7281,32838,37.3384,55.7324,33276,DRIVING,2,0
40,0,37.3384,55.7324,33276,37.3389,55.7343,33714,DRIVING,2,0
40,0,37.3389,55.7343,33714,37.3521,55.7294,34152,DRIVING,2,0
40,0,37.3521,55.7294,34152,37.3537,55.7233,34590,DRIVING,2,0
40,0,37.3537,55.7233,34590,37.3722,55.7237,35028,DRIVING,2,0
40,0,37.3722,55.7237,35028,37.3734,55.7235,35466,DRIVING,2,0
40,1,37.3734,55.7235,32838,37.4154,55.7419,34157,BUS,2,0
40,2,37.4154,55.7419,34157,37.4153,55.7416,34193,WALKING,2,0
40,3,37.4153,55.7416,34193,37.3554,55.7873,35138,BUS,2,0
40,4,37.3554,55.7873,35138,37.3549,55.7884,35413,WALKING,2,0
40,4,37.3549,55.7884,35413,37.3592,55.7883,35688,WALKING,2,0
41,0,37.3387,55.7278,7200,37.3377,55.7281,7638,DRIVING,2,1
41,0,37.3377,55.7281,7638,37.3384,55.7324,8076,DRIVING,2,1
41,0,37.3384,55.7324,8076,37.3389,55.7343,8514,DRIVING,2,1
41,0,37.3389,55.7343,8514,37.3521,55.7294,8952,DRIVING,2,1
41,0,37.3521,55.7294,8952,37.3537,55.7233,9390,DRIVING,2,1
41,0,37.3537,55.7233,9390,37.3722,55.7237,9828,DRIVING,2,1
41,0,37.3722,55.7237,9828,37.3734,55.7235,10266,DRIVING,2,1
41,1,37.3734,55.7235,7638,37.4154,55.7419,8957,BUS,2,1
41,2,37.4154,55.7419,8957,37.4153,55.7416,8993,WALKING,2,1
41,3,37.4153,55.7416,8993,37.3569,55.7914,9997,BUS,2,1
41,4,37.3569,55.7914,9997,37.3577,55.7926,10272,WALKING,2,1
41,4,37.3577,55.7926,10272,37.3599,55.7941,10547,WALKING,2,1
42,0,37.3387,55.7278,75600,37.3377,55.7281,76038,DRIVING,2,0
42,0,37.3377,55.7281,76038,37.3384,55.7324,76476,DRIVING,2,0
42,0,37.3384,55.7324,76476,37.3389,55.7343,76914,DRIVING,2,0
42,0,37.3389,55.7343,76914,37.3521,55.7294,77352,DRIVING,2,0
42,0,37.3521,55.7294,77352,37.3537,55.7233,77790,DRIVING,2,0
42,0,37.3537,55.7233,77790,37.3722,55.7237,78228,DRIVING,2,0
42,0,37.3722,55.7237,78228,37.3734,55.7235,78666,DRIVING,2,0
42,1,37.3734,55.7235,76038,37.4154,55.7419,77357,BUS,2,0
42,2,37.4154,55.7419,77357,37.4153,55.7416,77393,WALKING,2,0
42,3,37.4153,55.7416,77393,37.3569,55.7914,78397,BUS,2,0
42,4,37.3569,55.7914,78397,37.3577,55.7926,79539,WALKING,2,0
42,4,37.3577,55.7926,79539,37.3583,55.7933,80681,WALKING,2,0
42,4,37.3583,55.7933,80681,37.3512,55.7976,81823,WALKING,2,0
42,4,37.3512,55.7976,81823,37.3572,55.8025,82965,WALKING,2,0
43,0,37.3387,55.7278,79200,37.3377,55.7281,79638,DRIVING,2,1
43,0,37.3377,55.7281,79638,37.3384,55.7324,80076,DRIVING,2,1
43,0,37.3384,55.7324,80076,37.3389,55.7343,80514,DRIVING,2,1
43,0,37.3389,55.7343,80514,37.3521,55.7294,80952,DRIVING,2,1
43,0,37.3521,55.7294,80952,37.3537,55.7233,81390,DRIVING,2,1
43,0,37.3537,55.7233,81390,37.3722,55.7237,81828,DRIVING,2,1
43,0,37.3722,55.7237,81828,37.3734,55.7235,82266,DRIVING,2,1
43,1,37.3734,55.7235,79638,37.4154,55.7419,80957,BUS,2,1
43,2,37.4154,55.7419,80957,37.4156,55.7414,81134,WALKING,2,1
43,2,37.4156,55.7414,81134,37.417,55.7406,81311,WALKING,2,1
43,3,37.417,55.7406,81134,37.3614,55.846,82451,SUBWAY,2,1
43,4,37.3614,55.846,82451,37.3612,55.8466,82592,WALKING,2,1
43,4,37.3612,55.8466,82592,37.3613,55.8473,82733,WALKING,2,1
43,5,37.3613,55.8473,82592,37.3519,55.8179,83167,SHARE_TAXI,2,1
43,6,37.3519,55.8179,83167,37.3527,55.8176,84216,WALKING,2,1
43,6,37.3527,55.8176,84216,37.3527,55.8176,85265,WALKING,2,1
43,6,37.3527,55.8176,85265,37.356,55.8174,86314,WALKING,2,1
43,6,37.356,55.8174,86314,37.3536,55.8158,87363,WALKING,2,1
43,6,37.3536,55.8158,87363,37.3589,55.8119,88412,WALKING,2,1
43,6,37.3589,55.8119,88412,37.3583,55.8111,89461,WALKING,2,1
43,6,37.3583,55.8111,89461,37.3589,55.8101,90510,WALKING,2,1
44,0,37.3387,55.7278,68400,37.3377,55.7281,68838,DRIVING,3,1
44,0,37.3377,55.7281,68838,37.3384,55.7324,69276,DRIVING,3,1
44,0,37.3384,55.7324,69276,37.3389,55.7343,69714,DRIVING,3,1
44,0,37.3389,55.7343,69714,37.3521,55.7294,70152,DRIVING,3,1
44,0,37.3521,55.7294,70152,37.3537,55.7233,70590,DRIVING,3,1
44,0,37.3537,55.7233,70590,37.3722,55.7237,71028,DRIVING,3,1
44,0,37.3722,55.7237,71028,37.3734,55.7235,71466,DRIVING,3,1
44,1,37.3734,55.7235,68838,37.4154,55.7419,70157,BUS,3,1
44,2,37.4154,55.7419,70157,37.4156,55.7414,70334,WALKING,3,1
44,2,37.4156,55.7414,70334,37.417,55.7406,70511,WALKING,3,1
44,3,37.417,55.7406,70334,37.3614,55.846,71651,SUBWAY,3,1
44,4,37.3614,55.846,71651,37.3612,55.8466,71792,WALKING,3,1
44,4,37.3612,55.8466,71792,37.3613,55.8473,71933,WALKING,3,1
44,5,37.3613,55.8473,71792,37.3519,55.8179,72367,SHARE_TAXI,3,1
44,6,37.3519,55.8179,72367,37.3573,55.8174,72846,WALKING,3,1
44,6,37.3573,55.8174,72846,37.3567,55.8171,73325,WALKING,3,1
44,6,37.3567,55.8171,73325,37.3595,55.8154,73804,WALKING,3,1
45,0,37.3387,55.7278,10800,37.3377,55.7281,11238,DRIVING,0,0
45,0,37.3377,55.7281,11238,37.3384,55.7324,11676,DRIVING,0,0
45,0,37.3384,55.7324,11676,37.3389,55.7343,12114,DRIVING,0,0
45,0,37.3389,55.7343,12114,37.3521,55.7294,12552,DRIVING,0,0
45,0,37.3521,55.7294,12552,37.3537,55.7233,12990,DRIVING,0,0
45,0,37.3537,55.7233,12990,37.3722,55.7237,13428,DRIVING,0,0
45,0,37.3722,55.7237,13428,37.3734,55.7235,13866,DRIVING,0,0
45,1,37.3734,55.7235,11238,37.4154,55.7419,12557,BUS,0,0
45,2,37.4154,55.7419,12557,37.4156,55.7414,12734,WALKING,0,0
45,2,37.4156,55.7414,12734,37.417,55.7406,12911,WALKING,0,0
45,3,37.417,55.7406,12734,37.3614,55.846,14051,SUBWAY,0,0
45,4,37.3614,55.846,14051,37.3612,55.8466,14192,WALKING,0,0
45,4,37.3612,55.8466,14192,37.3613,55.8473,14333,WALKING,0,0
45,5,37.3613,55.8473,14192,37.3555,55.8235,14641,SHARE_TAXI,0,0
45,6,37.3555,55.8235,14641,37.3561,55.8226,14818,WALKING,0,0
45,6,37.3561,55.8226,14818,37.3576,55.8214,14995,WALKING,0,0
46,0,37.3387,55.7278,18000,37.3377,55.7281,18438,DRIVING,2,1
46,0,37.3377,55.7281,18438,37.3384,55.7324,18876,DRIVING,2,1
46,0,37.3384,55.7324,18876,37.3389,55.7343,19314,DRIVING,2,1
46,0,37.3389,55.7343,19314,37.3521,55.7294,19752,DRIVING,2,1
46,0,37.3521,55.7294,19752,37.3537,55.7233,20190,DRIVING,2,1
46,0,37.3537,55.7233,20190,37.3722,55.7237,20628,DRIVING,2,1
46,0,37.3722,55.7237,20628,37.3734,55.7235,21066,DRIVING,2,1
46,1,37.3734,55.7235,18438,37.4154,55.7419,19757,BUS,2,1
46,2,37.4154,55.7419,19757,37.4156,55.7414,19934,WALKING,2,1
46,2,37.4156,55.7414,19934,37.417,55.7406,20111,WALKING,2,1
46,3,37.417,55.7406,19934,37.3614,55.846,21251,SUBWAY,2,1
46,4,37.3614,55.846,21251,37.3612,55.8466,21392,WALKING,2,1
46,4,37.3612,55.8466,21392,37.3611,55.8473,21533,WALKING,2,1
46,5,37.3611,55.8473,21392,37.3635,55.8305,21935,BUS,2,1
46,6,37.3635,55.8305,21935,37.3646,55.8305,22360,WALKING,2,1
46,6,37.3646,55.8305,22360,37.3613,55.8283,22785,WALKING,2,1
46,6,37.3613,55.8283,22785,37.3597,55.8285,23210,WALKING,2,1
47,0,37.3387,55.7278,32400,37.3377,55.7281,32838,DRIVING,2,0
47,0,37.3377,55.7281,32838,37.3384,55.7324,33276,DRIVING,2,0
47,0,37.3384,55.7324,33276,37.3389,55.7343,33714,DRIVING,2,0
47,0,37.3389,55.7343,33714,37.3521,55.7294,34152,DRIVING,2,0
47,0,37.3521,55.7294,34152,37.3537,55.7233,34590,DRIVING,2,0
47,0,37.3537,55.7233,34590,37.3722,55.7237,35028,DRIVING,2,0
47,0,37.3722,55.7237,35028,37.3734,55.7235,35466,DRIVING,2,0
47,1,37.3734,55.7235,32838,37.4154,55.7419,34157,BUS,2,0
47,2,37.4154,55.7419,34157,37.4156,55.7414,34334,WALKING,2,0
47,2,37.4156,55.7414,34334,37.417,55.7406,34511,WALKING,2,0
47,3,37.417,55.7406,34334,37.3614,55.846,35651,SUBWAY,2,0
47,4,37.3614,55.846,35651,37.3612,55.8466,35792,WALKING,2,0
47,4,37.3612,55.8466,35792,37.3613,55.8473,35933,WALKING,2,0
47,5,37.3613,55.8473,35792,37.3561,55.8357,36033,SHARE_TAXI,2,0
47,6,37.3561,55.8357,36033,37.3574,55.8349,36222,WALKING,2,0
47,6,37.3574,55.8349,36222,37.3578,55.835,36411,WALKING,2,0
47,6,37.3578,55.835,36411,37.358,55.8355,36600,WALKING,2,0
47,6,37.358,55.8355,36600,37.3592,55.8357,36789,WALKING,2,0
48,0,37.3387,55.7278,18000,37.3377,55.7281,18438,DRIVING,1,1
48,0,37.3377,55.7281,18438,37.3384,55.7324,18876,DRIVING,1,1
48,0,37.3384,55.7324,18876,37.3389,55.7343,19314,DRIVING,1,1
48,0,37.3389,55.7343,19314,37.3521,55.7294,19752,DRIVING,1,1
48,0,37.3521,55.7294,19752,37.3537,55.7233,20190,DRIVING,1,1
48,0,37.3537,55.7233,20190,37.3722,55.7237,20628,DRIVING,1,1
48,0,37.3722,55.7237,20628,37.3734,55.7235,21066,DRIVING,1,1
48,1,37.3734,55.7235,18438,37.4154,55.7419,19757,BUS,1,1
48,2,37.4154,55.7419,19757,37.4156,55.7414,19934,WALKING,1,1
48,2,37.4156,55.7414,19934,37.417,55.7406,20111,WALKING,1,1
48,3,37.417,55.7406,19934,37.3614,55.846,21251,SUBWAY,1,1
48,4,37.3614,55.846,21251,37.3601,55.846,21792,WALKING,1,1
48,4,37.3601,55.846,21792,37.3582,55.8451,22333,WALKING,1,1
48,4,37.3582,55.8451,22333,37.3584,55.845,22874,WALKING,1,1
48,4,37.3584,55.845,22874,37.3563,55.8436,23415,WALKING,1,1
48,4,37.3563,55.8436,23415,37.3595,55.8425,23956,WALKING,1,1
49,0,37.3387,55.7278,68400,37.3377,55.7281,68838,DRIVING,1,1
49,0,37.3377,55.7281,68838,37.3384,55.7324,69276,DRIVING,1,1
49,0,37.3384,55.7324,69276,37.3389,55.7343,69714,DRIVING,1,1
49,0,37.3389,55.7343,69714,37.3521,55.7294,70152,DRIVING,1,1
49,0,37.3521,55.7294,70152,37.3537,55.7233,70590,DRIVING,1,1
49,0,37.3537,55.7233,70590,37.3722,55.7237,71028,DRIVING,1,1
49,0,37.3722,55.7237,71028,37.3734,55.7235,71466,DRIVING,1,1
49,1,37.3734,55.7235,68838,37.4154,55.7419,70157,BUS,1,1
49,2,37.4154,55.7419,70157,37.4156,55.7414,70334,WALKING,1,1
49,2,37.4156,55.7414,70334,37.417,55.7406,70511,WALKING,1,1
49,3,37.417,55.7406,70334,37.3614,55.846,71651,SUBWAY,1,1
49,4,37.3614,55.846,71651,37.3612,55.8466,72176,WALKING,1,1
49,4,37.3612,55.8466,72176,37.3584,55.8476,72701,WALKING,1,1
49,4,37.3584,55.8476,72701,37.3571,55.8494,73226,WALKING,1,1
49,4,37.3571,55.8494,73226,37.3579,55.8497,73751,WALKING,1,1
49,4,37.3579,55.8497,73751,37.3588,55.8491,74276,WALKING,1,1
50,0,37.3387,55.7278,79200,37.3377,55.7281,79638,DRIVING,2,1
50,0,37.3377,55.7281,79638,37.3384,55.7324,80076,DRIVING,2,1
50,0,37.3384,55.7324,80076,37.3389,55.7343,80514,DRIVING,2,1
50,0,37.3389,55.7343,80514,37.3521,55.7294,80952,DRIVING,2,1
50,0,37.3521,55.7294,80952,37.3537,55.7233,81390,DRIVING,2,1
50,0,37.3537,55.7233,81390,37.3722,55.7237,81828,DRIVING,2,1
50,0,37.3722,55.7237,81828,37.3734,55.7235,82266,DRIVING,2,1
50,1,37.3734,55.7235,79638,37.4154,55.7419,80957,BUS,2,1
50,2,37.4154,55.7419,80957,37.4156,55.7414,81134,WALKING,2,1
50,2,37.4156,55.7414,81134,37.417,55.7406,81311,WALKING,2,1
50,3,37.417,55.7406,81134,37.3542,55.8559,82571,SUBWAY,2,1
50,4,37.3542,55.8559,82571,37.3554,55.857,82954,WALKING,2,1
50,4,37.3554,55.857,82954,37.3558,55.8568,83337,WALKING,2,1
50,4,37.3558,55.8568,83337,37.3584,55.8555,83720,WALKING,2,1
50,4,37.3584,55.8555,83720,37.359,55.856,84103,WALKING,2,1
53,0,37.3387,55.7278,14400,37.3377,55.7281,14838,DRIVING,1,0
53,0,37.3377,55.7281,14838,37.3384,55.7324,15276,DRIVING,1,0
53,0,37.3384,55.7324,15276,37.3389,55.7343,15714,DRIVING,1,0
53,0,37.3389,55.7343,15714,37.3521,55.7294,16152,DRIVING,1,0
53,0,37.3521,55.7294,16152,37.3537,55.7233,16590,DRIVING,1,0
53,0,37.3537,55.7233,16590,37.3722,55.7237,17028,DRIVING,1,0
53,0,37.3722,55.7237,17028,37.3734,55.7235,17466,DRIVING,1,0
53,1,37.3734,55.7235,14838,37.3973,55.7248,15169,BUS,1,0
53,2,37.3973,55.7248,15169,37.3983,55.7237,15313,WALKING,1,0
53,3,37.3983,55.7237,15313,37.4076,55.7169,15534,BUS,1,0
53,4,37.4076,55.7169,15534,37.4074,55.7172,15575,WALKING,1,0
53,5,37.4074,55.7172,15575,37.3737,55.6879,16283,BUS,1,0
53,6,37.3737,55.6879,16283,37.375,55.6889,16954,WALKING,1,0
53,6,37.375,55.6889,16954,37.3714,55.6899,17625,WALKING,1,0
53,6,37.3714,55.6899,17625,37.3723,55.6928,18296,WALKING,1,0
54,0,37.3387,55.7278,68400,37.3377,55.7281,68838,DRIVING,0,1
54,0,37.3377,55.7281,68838,37.3384,55.7324,69276,DRIVING,0,1
54,0,37.3384,55.7324,69276,37.3389,55.7343,69714,DRIVING,0,1
54,0,37.3389,55.7343,69714,37.3521,55.7294,70152,DRIVING,0,1
54,0,37.3521,55.7294,70152,37.3537,55.7233,70590,DRIVING,0,1
54,0,37.3537,55.7233,70590,37.3722,55.7237,71028,DRIVING,0,1
54,0,37.3722,55.7237,71028,37.3734,55.7235,71466,DRIVING,0,1
54,1,37.3734,55.7235,68838,37.3973,55.7248,69169,BUS,0,1
54,2,37.3973,55.7248,69169,37.3983,55.7237,69313,WALKING,0,1
54,3,37.3983,55.7237,69313,37.4076,55.7169,69534,BUS,0,1
54,4,37.4076,55.7169,69534,37.4074,55.7172,69575,WALKING,0,1
54,5,37.4074,55.7172,69575,37.3622,55.7086,70020,SHARE_TAXI,0,1
54,6,37.3622,55.7086,70020,37.3627,55.7087,71283,WALKING,0,1
54,6,37.3627,55.7087,71283,37.3625,55.7088,72546,WALKING,0,1
54,6,37.3625,55.7088,72546,37.3673,55.7052,73809,WALKING,0,1
54,6,37.3673,55.7052,73809,37.3636,55.7041,75072,WALKING,0,1
54,6,37.3636,55.7041,75072,37.3632,55.7007,76335,WALKING,0,1
54,6,37.3632,55.7007,76335,37.37,55.7025,77598,WALKING,0,1
55,0,37.3387,55.7278,46800,37.3377,55.7281,47238,DRIVING,0,0
55,0,37.3377,55.7281,47238,37.3384,55.7324,47676,DRIVING,0,0
55,0,37.3384,55.7324,47676,37.3389,55.7343,48114,DRIVING,0,0
55,0,37.3389,55.7343,48114,37.3521,55.7294,48552,DRIVING,0,0
55,0,37.3521,55.7294,48552,37.3537,55.7233,48990,DRIVING,0,0
55,0,37.3537,55.7233,48990,37.3722,55.7237,49428,DRIVING,0,0
55,0,37.3722,55.7237,49428,37.3734,55.7235,49866,DRIVING,0,0
55,1,37.3734,55.7235,47238,37.3973,55.7248,47569,BUS,0,0
55,2,37.3973,55.7248,47569,37.3983,55.7237,47713,WALKING,0,0
55,3,37.3983,55.7237,47713,37.4076,55.7169,47934,BUS,0,0
55,4,37.4076,55.7169,47934,37.4074,55.7172,47975,WALKING,0,0
55,5,37.4074,55.7172,47975,37.37,55.7111,48337,SHARE_TAXI,0,0
55,6,37.37,55.7111,48337,37.3697,55.7094,48867,WALKING,0,0
56,0,37.3387,55.7278,32400,37.3377,55.7281,34983,WALKING,0,1
56,0,37.3377,55.7281,34983,37.3321,55.7293,37566,WALKING,0,1
56,0,37.3321,55.7293,37566,37.3518,55.7193,40149,WALKING,0,1
56,0,37.3518,55.7193,40149,37.3692,55.7158,42732,WALKING,0,1
56,0,37.3692,55.7158,42732,37.3692,55.716,45315,WALKING,0,1
57,0,37.3387,55.7278,43200,37.3377,55.7281,46140,WALKING,1,0
57,0,37.3377,55.7281,46140,37.3321,55.7293,49080,WALKING,1,0
57,0,37.3321,55.7293,49080,37.3518,55.7193,52020,WALKING,1,0
57,0,37.3518,55.7193,52020,37.3529,55.719,54960,WALKING,1,0
57,0,37.3529,55.719,54960,37.3545,55.7212,57900,WALKING,1,0
57,0,37.3545,55.7212,57900,37.3537,55.7233,60840,WALKING,1,0
57,0,37.3537,55.7233,60840,37.3694,55.7236,63780,WALKING,1,0
57,0,37.3694,55.7236,63780,37.3694,55.7231,66720,WALKING,1,0
58,0,37.3387,55.7278,46800,37.3377,55.7281,50231,WALKING,1,0
58,0,37.3377,55.7281,50231,37.3321,55.7293,53662,WALKING,1,0
58,0,37.3321,55.7293,53662,37.3518,55.7193,57093,WALKING,1,0
58,0,37.3518,55.7193,57093,37.3529,55.719,60524,WALKING,1,0
58,0,37.3529,55.719,60524,37.3545,55.7212,63955,WALKING,1,0
58,0,37.3545,55.7212,63955,37.3537,55.7233,67386,WALKING,1,0
58,0,37.3537,55.7233,67386,37.3656,55.7235,70817,WALKING,1,0
58,0,37.3656,55.7235,70817,37.3655,55.7249,74248,WALKING,1,0
58,0,37.3655,55.7249,74248,37.366,55.725,77679,WALKING,1,0
58,0,37.366,55.725,77679,37.3659,55.7271,81110,WALKING,1,0
58,0,37.3659,55.7271,81110,37.3699,55.7272,84541,WALKING,1,0
58,0,37.3699,55.7272,84541,37.3695,55.7298,87972,WALKING,1,0
59,0,37.3387,55.7278,61200,37.3377,55.7281,63425,WALKING,0,1
59,0,37.3377,55.7281,63425,37.3358,55.7285,65650,WALKING,0,1
59,0,37.3358,55.7285,65650,37.3359,55.7286,67875,WALKING,0,1
59,0,37.3359,55.7286,67875,37.3449,55.7356,70100,WALKING,0,1
59,0,37.3449,55.7356,70100,37.3466,55.7366,72325,WALKING,0,1
59,0,37.3466,55.7366,72325,37.3534,55.7355,74550,WALKING,0,1
59,0,37.3534,55.7355,74550,37.354,55.7346,76775,WALKING,0,1
59,0,37.354,55.7346,76775,37.3678,55.7346,79000,WALKING,0,1
60,0,37.3387,55.7278,10800,37.3377,55.7281,11238,DRIVING,3,0
60,0,37.3377,55.7281,11238,37.3384,55.7324,11676,DRIVING,3,0
60,0,37.3384,55.7324,11676,37.3389,55.7343,12114,DRIVING,3,0
60,0,37.3389,55.7343,12114,37.3521,55.7294,12552,DRIVING,3,0
60,0,37.3521,55.7294,12552,37.3537,55.7233,12990,DRIVING,3,0
60,0,37.3537,55.7233,12990,37.3722,55.7237,13428,DRIVING,3,0
60,0,37.3722,55.7237,13428,37.3734,55.7235,13866,DRIVING,3,0
60,1,37.3734,55.7235,11238,37.395,55.7399,12113,BUS,3,0
60,2,37.395,55.7399,12113,37.3697,55.7436,13748,WALKING,3,0
61,0,37.3387,55.7278,10800,37.3377,55.7281,11238,DRIVING,1,1
61,0,37.3377,55.7281,11238,37.3384,55.7324,11676,DRIVING,1,1
61,0,37.3384,55.7324,11676,37.3389,55.7343,12114,DRIVING,1,1
61,0,37.3389,55.7343,12114,37.3521,55.7294,12552,DRIVING,1,1
61,0,37.3521,55.7294,12552,37.3537,55.7233,12990,DRIVING,1,1
61,0,37.3537,55.7233,12990,37.3722,55.7237,13428,DRIVING,1,1
61,0,37.3722,55.7237,13428,37.3734,55.7235,13866,DRIVING,1,1
61,1,37.3734,55.7235,11238,37.4048,55.7344,11922,BUS,1,1
61,2,37.4048,55.7344,11922,37.4021,55.734,12095,WALKING,1,1
61,3,37.4021,55.734,12095,37.3694,55.7538,13027,SHARE_TAXI,1,1
61,4,37.3694,55.7538,13027,37.3697,55.7504,13405,WALKING,1,1
62,0,37.3387,55.7278,28800,37.3377,55.7281,29238,DRIVING,0,1
62,0,37.3377,55.7281,29238,37.3384,55.7324,29676,DRIVING,0,1
62,0,37.3384,55.7324,29676,37.3389,55.7343,30114,DRIVING,0,1
62,0,37.3389,55.7343,30114,37.3521,55.7294,30552,DRIVING,0,1
62,0,37.3521,55.7294,30552,37.3537,55.7233,30990,DRIVING,0,1
62,0,37.3537,55.7233,30990,37.3722,55.7237,31428,DRIVING,0,1
62,0,37.3722,55.7237,31428,37.3734,55.7235,31866,DRIVING,0,1
62,1,37.3734,55.7235,29238,37.4048,55.7344,29922,BUS,0,1
62,2,37.4048,55.7344,29922,37.4021,55.734,30095,WALKING,0,1
62,3,37.4021,55.734,30095,37.3694,55.7538,31027,SHARE_TAXI,0,1
63,0,37.3387,55.7278,54000,37.3377,55.7281,54438,DRIVING,0,1
63,0,37.3377,55.7281,54438,37.3384,55.7324,54876,DRIVING,0,1
63,0,37.3384,55.7324,54876,37.3389,55.7343,55314,DRIVING,0,1
63,0,37.3389,55.7343,55314,37.3521,55.7294,55752,DRIVING,0,1
63,0,37.3521,55.7294,55752,37.3537,55.7233,56190,DRIVING,0,1
63,0,37.3537,55.7233,56190,37.3722,55.7237,56628,DRIVING,0,1
63,0,37.3722,55.7237,56628,37.3734,55.7235,57066,DRIVING,0,1
63,1,37.3734,55.7235,54438,37.3999,55.7424,55417,BUS,0,1
63,2,37.3999,55.7424,55417,37.3992,55.7432,55514,WALKING,0,1
63,3,37.3992,55.7432,55514,37.3831,55.7639,56111,SHARE_TAXI,0,1
63,4,37.3831,55.7639,56111,37.3819,55.7643,56796,WALKING,0,1
63,4,37.3819,55.7643,56796,37.369,55.765,57481,WALKING,0,1
64,0,37.3387,55.7278,21600,37.3377,55.7281,22038,DRIVING,2,0
64,0,37.3377,55.7281,22038,37.3384,55.7324,22476,DRIVING,2,0
64,0,37.3384,55.7324,22476,37.3389,55.7343,22914,DRIVING,2,0
64,0,37.3389,55.7343,22914,37.3521,55.7294,23352,DRIVING,2,0
64,0,37.3521,55.7294,23352,37.3537,55.7233,23790,DRIVING,2,0
64,0,37.3537,55.7233,23790,37.3722,55.7237,24228,DRIVING,2,0
64,0,37.3722,55.7237,24228,37.3734,55.7235,24666,DRIVING,2,0
64,1,37.3734,55.7235,22038,37.3999,55.7424,23017,BUS,2,0
64,2,37.3999,55.7424,23017,37.3992,55.7432,23114,WALKING,2,0
64,3,37.3992,55.7432,23114,37.3736,55.7681,23847,SHARE_TAXI,2,0
64,4,37.3736,55.7681,23847,37.3753,55.7672,24357,WALKING,2,0
64,4,37.3753,55.7672,24357,37.3705,55.7707,24867,WALKING,2,0
65,0,37.3387,55.7278,82800,37.3377,55.7281,83238,DRIVING,2,0
65,0,37.3377,55.7281,83238,37.3384,55.7324,83676,DRIVING,2,0
65,0,37.3384,55.7324,83676,37.3389,55.7343,84114,DRIVING,2,0
65,0,37.3389,55.7343,84114,37.3521,55.7294,84552,DRIVING,2,0
65,0,37.3521,55.7294,84552,37.3537,55.7233,84990,DRIVING,2,0
65,0,37.3537,55.7233,84990,37.3722,55.7237,85428,DRIVING,2,0
65,0,37.3722,55.7237,85428,37.3734,55.7235,85866,DRIVING,2,0
65,1,37.3734,55.7235,83238,37.4154,55.7419,84557,BUS,2,0
65,2,37.4154,55.7419,84557,37.4158,55.7415,84611,WALKING,2,0
65,3,37.4158,55.7415,84611,37.3699,55.7719,85787,SHARE_TAXI,2,0
65,4,37.3699,55.7719,85787,37.3707,55.7749,86061,WALKING,2,0
66,0,37.3387,55.7278,68400,37.3377,55.7281,68838,DRIVING,3,1
66,0,37.3377,55.7281,68838,37.3384,55.7324,69276,DRIVING,3,1
66,0,37.3384,55.7324,69276,37.3389,55.7343,69714,DRIVING,3,1
66,0,37.3389,55.7343,69714,37.3521,55.7294,70152,DRIVING,3,1
66,0,37.3521,55.7294,70152,37.3537,55.7233,70590,DRIVING,3,1
66,0,37.3537,55.7233,70590,37.3722,55.7237,71028,DRIVING,3,1
66,0,37.3722,55.7237,71028,37.3734,55.7235,71466,DRIVING,3,1
66,1,37.3734,55.7235,68838,37.4154,55.7419,70157,BUS,3,1
66,2,37.4154,55.7419,70157,37.4158,55.7415,70211,WALKING,3,1
66,3,37.4158,55.7415,70211,37.3705,55.7848,71674,SHARE_TAXI,3,1
67,0,37.3387,55.7278,72000,37.3377,55.7281,72438,DRIVING,3,0
67,0,37.3377,55.7281,72438,37.3384,55.7324,72876,DRIVING,3,0
67,0,37.3384,55.7324,72876,37.3389,55.7343,73314,DRIVING,3,0
67,0,37.3389,55.7343,73314,37.3521,55.7294,73752,DRIVING,3,0
67,0,37.3521,55.7294,73752,37.3537,55.7233,74190,DRIVING,3,0
67,0,37.3537,55.7233,74190,37.3722,55.7237,74628,DRIVING,3,0
67,0,37.3722,55.7237,74628,37.3734,55.7235,75066,DRIVING,3,0
67,1,37.3734,55.7235,72438,37.4154,55.7419,73757,BUS,3,0
67,2,37.4154,55.7419,73757,37.4153,55.7416,73793,WALKING,3,0
67,3,37.4153,55.7416,73793,37.3554,55.7873,74738,BUS,3,0
67,4,37.3554,55.7873,74738,37.3552,55.7864,75506,WALKING,3,0
67,4,37.3552,55.7864,75506,37.3695,55.7889,76274,WALKING,3,0
68,0,37.3387,55.7278,75600,37.3377,55.7281,76038,DRIVING,0,0
68,0,37.3377,55.7281,76038,37.3384,55.7324,76476,DRIVING,0,0
68,0,37.3384,55.7324,76476,37.3389,55.7343,76914,DRIVING,0,0
68,0,37.3389,55.7343,76914,37.3521,55.7294,77352,DRIVING,0,0
68,0,37.3521,55.7294,77352,37.3537,55.7233,77790,DRIVING,0,0
68,0,37.3537,55.7233,77790,37.3722,55.7237,78228,DRIVING,0,0
68,0,37.3722,55.7237,78228,37.3734,55.7235,78666,DRIVING,0,0
68,1,37.3734,55.7235,76038,37.4154,55.7419,77357,BUS,0,0
68,2,37.4154,55.7419,77357,37.4153,55.7416,77393,WALKING,0,0
68,3,37.4153,55.7416,77393,37.3569,55.7914,78397,BUS,0,0
68,4,37.3569,55.7914,78397,37.3577,55.7926,79208,WALKING,0,0
68,4,37.3577,55.7926,79208,37.3695,55.7982,80019,WALKING,0,0
69,0,37.3387,55.7278,61200,37.3377,55.7281,61638,DRIVING,1,0
69,0,37.3377,55.7281,61638,37.3384,55.7324,62076,DRIVING,1,0
69,0,37.3384,55.7324,62076,37.3389,55.7343,62514,DRIVING,1,0
69,0,37.3389,55.7343,62514,37.3521,55.7294,62952,DRIVING,1,0
69,0,37.3521,55.7294,62952,37.3537,55.7233,63390,DRIVING,1,0
69,0,37.3537,55.7233,63390,37.3722,55.7237,63828,DRIVING,1,0
69,0,37.3722,55.7237,63828,37.3734,55.7235,64266,DRIVING,1,0
69,1,37.3734,55.7235,61638,37.4154,55.7419,62957,BUS,1,0
69,2,37.4154,55.7419,62957,37.4156,55.7414,63134,WALKING,1,0
69,2,37.4156,55.7414,63134,37.417,55.7406,63311,WALKING,1,0
69,3,37.417,55.7406,63134,37.4031,55.8038,63900,SUBWAY,1,0
69,4,37.4031,55.8038,63900,37.4014,55.8045,64079,WALKING,1,0
69,4,37.4014,55.8045,64079,37.4007,55.8046,64258,WALKING,1,0
69,5,37.4007,55.8046,64079,37.3739,55.8043,64689,SHARE_TAXI,1,0
69,6,37.3739,55.8043,64689,37.3733,55.8029,65131,WALKING,1,0
69,6,37.3733,55.8029,65131,37.3718,55.8031,65573,WALKING,1,0
69,6,37.3718,55.8031,65573,37.3722,55.8049,66015,WALKING,1,0
69,6,37.3722,55.8049,66015,37.3697,55.805,66457,WALKING,1,0
70,0,37.3387,55.7278,32400,37.3377,55.7281,32838,DRIVING,0,0
70,0,37.3377,55.7281,32838,37.3384,55.7324,33276,DRIVING,0,0
70,0,37.3384,55.7324,33276,37.3389,55.7343,33714,DRIVING,0,0
70,0,37.3389,55.7343,33714,37.3521,55.7294,34152,DRIVING,0,0
70,0,37.3521,55.7294,34152,37.3537,55.7233,34590,DRIVING,0,0
70,0,37.3537,55.7233,34590,37.3722,55.7237,35028,DRIVING,0,0
70,0,37.3722,55.7237,35028,37.3734,55.7235,35466,DRIVING,0,0
70,1,37.3734,55.7235,32838,37.4154,55.7419,34157,BUS,0,0
70,2,37.4154,55.7419,34157,37.4156,55.7414,34334,WALKING,0,0
70,2,37.4156,55.7414,34334,37.417,55.7406,34511,WALKING,0,0
70,3,37.417,55.7406,34334,37.3614,55.846,35651,SUBWAY,0,0
70,4,37.3614,55.846,35651,37.3612,55.8466,35792,WALKING,0,0
70,4,37.3612,55.8466,35792,37.3613,55.8473,35933,WALKING,0,0
70,5,37.3613,55.8473,35792,37.3519,55.8179,36367,SHARE_TAXI,0,0
70,6,37.3519,55.8179,36367,37.3559,55.8175,37653,WALKING,0,0
70,6,37.3559,55.8175,37653,37.3585,55.8182,38939,WALKING,0,0
70,6,37.3585,55.8182,38939,37.3591,55.8185,40225,WALKING,0,0
70,6,37.3591,55.8185,40225,37.3597,55.8188,41511,WALKING,0,0
70,6,37.3597,55.8188,41511,37.3684,55.8152,42797,WALKING,0,0
70,6,37.3684,55.8152,42797,37.3688,55.8152,44083,WALKING,0,0
70,6,37.3688,55.8152,44083,37.3682,55.8134,45369,WALKING,0,0
70,6,37.3682,55.8134,45369,37.3702,55.813,46655,WALKING,0,0
70,6,37.3702,55.813,46655,37.3698,55.8118,47941,WALKING,0,0
71,0,37.3387,55.7278,64800,37.3377,55.7281,65238,DRIVING,0,0
71,0,37.3377,55.7281,65238,37.3384,55.7324,65676,DRIVING,0,0
71,0,37.3384,55.7324,65676,37.3389,55.7343,66114,DRIVING,0,0
71,0,37.3389,55.7343,66114,37.3521,55.7294,66552,DRIVING,0,0
71,0,37.3521,55.7294,66552,37.3537,55.7233,66990,DRIVING,0,0
71,0,37.3537,55.7233,66990,37.3722,55.7237,67428,DRIVING,0,0
71,0,37.3722,55.7237,67428,37.3734,55.7235,67866,DRIVING,0,0
71,1,37.3734,55.7235,65238,37.4154,55.7419,66557,BUS,0,0
71,2,37.4154,55.7419,66557,37.4156,55.7414,66734,WALKING,0,0
71,2,37.4156,55.7414,66734,37.417,55.7406,66911,WALKING,0,0
71,3,37.417,55.7406,66734,37.3614,55.846,68051,SUBWAY,0,0
71,4,37.3614,55.846,68051,37.3612,55.8466,68155,WALKING,0,0
71,4,37.3612,55.8466,68155,37.3613,55.8463,68259,WALKING,0,0
71,5,37.3613,55.8463,68155,37.3917,55.8329,68364,SHARE_TAXI,0,0
71,6,37.3917,55.8329,68364,37.3922,55.8333,68418,WALKING,0,0
71,7,37.3922,55.8333,68418,37.3693,55.8214,68766,SHARE_TAXI,0,0
71,8,37.3693,55.8214,68766,37.3691,55.8214,69013,WALKING,0,0
71,8,37.3691,55.8214,69013,37.3697,55.8186,69260,WALKING,0,0
72,0,37.3387,55.7278,68400,37.3377,55.7281,68838,DRIVING,0,1
72,0,37.3377,55.7281,68838,37.3384,55.7324,69276,DRIVING,0,1
72,0,37.3384,55.7324,69276,37.3389,55.7343,69714,DRIVING,0,1
72,0,37.3389,55.7343,69714,37.3521,55.7294,70152,DRIVING,0,1
72,0,37.3521,55.7294,70152,37.3537,55.7233,70590,DRIVING,0,1
72,0,37.3537,55.7233,70590,37.3722,55.7237,71028,DRIVING,0,1
72,0,37.3722,55.7237,71028,37.3734,55.7235,71466,DRIVING,0,1
72,1,37.3734,55.7235,68838,37.4154,55.7419,70157,BUS,0,1
72,2,37.4154,55.7419,70157,37.4156,55.7414,70334,WALKING,0,1
72,2,37.4156,55.7414,70334,37.417,55.7406,70511,WALKING,0,1
72,3,37.417,55.7406,70334,37.3614,55.846,71651,SUBWAY,0,1
72,4,37.3614,55.846,71651,37.3612,55.8466,71755,WALKING,0,1
72,4,37.3612,55.8466,71755,37.3613,55.8463,71859,WALKING,0,1
72,5,37.3613,55.8463,71755,37.3917,55.8329,71964,SHARE_TAXI,0,1
72,6,37.3917,55.8329,71964,37.3922,55.8333,72020,WALKING,0,1
72,7,37.3922,55.8333,72020,37.3683,55.8211,72572,SHARE_TAXI,0,1
72,8,37.3683,55.8211,72572,37.3691,55.8214,73097,WALKING,0,1
72,8,37.3691,55.8214,73097,37.3665,55.8234,73622,WALKING,0,1
72,8,37.3665,55.8234,73622,37.3665,55.8237,74147,WALKING,0,1
72,8,37.3665,55.8237,74147,37.3671,55.8244,74672,WALKING,0,1
72,8,37.3671,55.8244,74672,37.3674,55.8245,75197,WALKING,0,1
72,8,37.3674,55.8245,75197,37.3673,55.8247,75722,WALKING,0,1
72,8,37.3673,55.8247,75722,37.3696,55.8255,76247,WALKING,0,1
72,8,37.3696,55.8255,76247,37.3695,55.8254,76772,WALKING,0,1
73,0,37.3387,55.7278,3600,37.3377,55.7281,4038,DRIVING,0,0
73,0,37.3377,55.7281,4038,37.3384,55.7324,4476,DRIVING,0,0
73,0,37.3384,55.7324,4476,37.3389,55.7343,4914,DRIVING,0,0
73,0,37.3389,55.7343,4914,37.3521,55.7294,5352,DRIVING,0,0
73,0,37.3521,55.7294,5352,37.3537,55.7233,5790,DRIVING,0,0
73,0,37.3537,55.7233,5790,37.3722,55.7237,6228,DRIVING,0,0
73,0,37.3722,55.7237,6228,37.3734,55.7235,6666,DRIVING,0,0
73,1,37.3734,55.7235,4038,37.4154,55.7419,5357,BUS,0,0
73,2,37.4154,55.7419,5357,37.4156,55.7414,5534,WALKING,0,0
73,2,37.4156,55.7414,5534,37.417,55.7406,5711,WALKING,0,0
73,3,37.417,55.7406,5534,37.3614,55.846,6851,SUBWAY,0,0
73,4,37.3614,55.846,6851,37.3612,55.8466,6992,WALKING,0,0
73,4,37.3612,55.8466,6992,37.3611,55.8473,7133,WALKING,0,0
73,5,37.3611,55.8473,6992,37.3635,55.8305,7535,BUS,0,0
73,6,37.3635,55.8305,7535,37.3646,55.8305,7869,WALKING,0,0
73,6,37.3646,55.8305,7869,37.3698,55.832,8203,WALKING,0,0
74,0,37.3387,55.7278,50400,37.3377,55.7281,50838,DRIVING,0,1
74,0,37.3377,55.7281,50838,37.3384,55.7324,51276,DRIVING,0,1
74,0,37.3384,55.7324,51276,37.3389,55.7343,51714,DRIVING,0,1
74,0,37.3389,55.7343,51714,37.3521,55.7294,52152,DRIVING,0,1
74,0,37.3521,55.7294,52152,37.3537,55.7233,52590,DRIVING,0,1
74,0,37.3537,55.7233,52590,37.3722,55.7237,53028,DRIVING,0,1
74,0,37.3722,55.7237,53028,37.3734,55.7235,53466,DRIVING,0,1
74,1,37.3734,55.7235,50838,37.4154,55.7419,52157,BUS,0,1
74,2,37.4154,55.7419,52157,37.4156,55.7414,52334,WALKING,0,1
74,2,37.4156,55.7414,52334,37.417,55.7406,52511,WALKING,0,1
74,3,37.417,55.7406,52334,37.3821,55.8358,53493,SUBWAY,0,1
74,4,37.3821,55.8358,53493,37.3809,55.837,54362,WALKING,0,1
74,4,37.3809,55.837,54362,37.3784,55.8378,55231,WALKING,0,1
74,4,37.3784,55.8378,55231,37.3694,55.8396,56100,WALKING,0,1
75,0,37.3387,55.7278,18000,37.3377,55.7281,18438,DRIVING,1,0
75,0,37.3377,55.7281,18438,37.3384,55.7324,18876,DRIVING,1,0
75,0,37.3384,55.7324,18876,37.3389,55.7343,19314,DRIVING,1,0
75,0,37.3389,55.7343,19314,37.3521,55.7294,19752,DRIVING,1,0
75,0,37.3521,55.7294,19752,37.3537,55.7233,20190,DRIVING,1,0
75,0,37.3537,55.7233,20190,37.3722,55.7237,20628,DRIVING,1,0
75,0,37.3722,55.7237,20628,37.3734,55.7235,21066,DRIVING,1,0
75,1,37.3734,55.7235,18438,37.4154,55.7419,19757,BUS,1,0
75,2,37.4154,55.7419,19757,37.4156,55.7414,19934,WALKING,1,0
75,2,37.4156,55.7414,19934,37.417,55.7406,20111,WALKING,1,0
75,3,37.417,55.7406,19934,37.3614,55.846,21251,SUBWAY,1,0
75,4,37.3614,55.846,21251,37.3639,55.8456,21803,WALKING,1,0
75,4,37.3639,55.8456,21803,37.3672,55.8439,22355,WALKING,1,0
75,4,37.3672,55.8439,22355,37.37,55.8457,22907,WALKING,1,0
77,0,37.3387,55.7278,72000,37.3377,55.7281,72438,DRIVING,2,0
77,0,37.3377,55.7281,72438,37.3384,55.7324,72876,DRIVING,2,0
77,0,37.3384,55.7324,72876,37.3389,55.7343,73314,DRIVING,2,0
77,0,37.3389,55.7343,73314,37.3521,55.7294,73752,DRIVING,2,0
77,0,37.3521,55.7294,73752,37.3537,55.7233,74190,DRIVING,2,0
77,0,37.3537,55.7233,74190,37.3722,55.7237,74628,DRIVING,2,0
77,0,37.3722,55.7237,74628,37.3734,55.7235,75066,DRIVING,2,0
77,1,37.3734,55.7235,72438,37.4154,55.7419,73757,BUS,2,0
77,2,37.4154,55.7419,73757,37.4156,55.7414,73934,WALKING,2,0
77,2,37.4156,55.7414,73934,37.417,55.7406,74111,WALKING,2,0
77,3,37.417,55.7406,73934,37.3542,55.8559,75371,SUBWAY,2,0
77,4,37.3542,55.8559,75371,37.3554,55.857,76471,WALKING,2,0
77,4,37.3554,55.857,76471,37.3606,55.861,77571,WALKING,2,0
77,4,37.3606,55.861,77571,37.3629,55.8627,78671,WALKING,2,0
77,4,37.3629,55.8627,78671,37.3667,55.8626,79771,WALKING,2,0
77,4,37.3667,55.8626,79771,37.3666,55.861,80871,WALKING,2,0
77,4,37.3666,55.861,80871,37.3685,55.8611,81971,WALKING,2,0
78,0,37.3387,55.7278,39600,37.3377,55.7281,40038,DRIVING,0,1
78,0,37.3377,55.7281,40038,37.3384,55.7324,40476,DRIVING,0,1
78,0,37.3384,55.7324,40476,37.3389,55.7343,40914,DRIVING,0,1
78,0,37.3389,55.7343,40914,37.3521,55.7294,41352,DRIVING,0,1
78,0,37.3521,55.7294,41352,37.3537,55.7233,41790,DRIVING,0,1
78,0,37.3537,55.7233,41790,37.3722,55.7237,42228,DRIVING,0,1
78,0,37.3722,55.7237,42228,37.3734,55.7235,42666,DRIVING,0,1
78,1,37.3734,55.7235,40038,37.4154,55.7419,41357,BUS,0,1
78,2,37.4154,55.7419,41357,37.4156,55.7414,41534,WALKING,0,1
78,2,37.4156,55.7414,41534,37.417,55.7406,41711,WALKING,0,1
78,3,37.417,55.7406,41534,37.3542,55.8559,42971,SUBWAY,0,1
78,4,37.3542,55.8559,42971,37.3554,55.857,43993,WALKING,0,1
78,4,37.3554,55.857,43993,37.3606,55.861,45015,WALKING,0,1
78,4,37.3606,55.861,45015,37.3692,55.8644,46037,WALKING,0,1
79,0,37.3387,55.7278,3600,37.3377,55.7281,4038,DRIVING,1,1
79,0,37.3377,55.7281,4038,37.3384,55.7324,4476,DRIVING,1,1
79,0,37.3384,55.7324,4476,37.3389,55.7343,4914,DRIVING,1,1
79,0,37.3389,55.7343,4914,37.3521,55.7294,5352,DRIVING,1,1
79,0,37.3521,55.7294,5352,37.3537,55.7233,5790,DRIVING,1,1
79,0,37.3537,55.7233,5790,37.3722,55.7237,6228,DRIVING,1,1
79,0,37.3722,55.7237,6228,37.3734,55.7235,6666,DRIVING,1,1
79,1,37.3734,55.7235,4038,37.4154,55.7419,5357,BUS,1,1
79,2,37.4154,55.7419,5357,37.4156,55.7414,5534,WALKING,1,1
79,2,37.4156,55.7414,5534,37.417,55.7406,5711,WALKING,1,1
79,3,37.417,55.7406,5534,37.3614,55.846,6851,SUBWAY,1,1
79,4,37.3614,55.846,6851,37.3604,55.847,7002,WALKING,1,1
79,4,37.3604,55.847,7002,37.3599,55.847,7153,WALKING,1,1
79,5,37.3599,55.847,7002,37.3472,55.8705,7530,BUS,1,1
79,6,37.3472,55.8705,7530,37.3697,55.873,9001,WALKING,1,1
80,0,37.3387,55.7278,43200,37.3377,55.7281,43638,DRIVING,1,1
80,0,37.3377,55.7281,43638,37.3384,55.7324,44076,DRIVING,1,1
80,0,37.3384,55.7324,44076,37.3389,55.7343,44514,DRIVING,1,1
80,0,37.3389,55.7343,44514,37.3521,55.7294,44952,DRIVING,1,1
80,0,37.3521,55.7294,44952,37.3537,55.7233,45390,DRIVING,1,1
80,0,37.3537,55.7233,45390,37.3722,55.7237,45828,DRIVING,1,1
80,0,37.3722,55.7237,45828,37.3734,55.7235,46266,DRIVING,1,1
80,1,37.3734,55.7235,43638,37.3973,55.7248,43969,BUS,1,1
80,2,37.3973,55.7248,43969,37.3983,55.7237,44113,WALKING,1,1
80,3,37.3983,55.7237,44113,37.4076,55.7169,44334,BUS,1,1
80,4,37.4076,55.7169,44334,37.4074,55.7172,44375,WALKING,1,1
80,5,37.4074,55.7172,44375,37.3879,55.6794,45363,BUS,1,1
80,6,37.3879,55.6794,45363,37.3866,55.6799,46041,WALKING,1,1
80,6,37.3866,55.6799,46041,37.3802,55.6796,46719,WALKING,1,1
80,6,37.3802,55.6796,46719,37.3784,55.6786,47397,WALKING,1,1
80,6,37.3784,55.6786,47397,37.3787,55.6781,48075,WALKING,1,1
80,6,37.3787,55.6781,48075,37.3799,55.6784,48753,WALKING,1,1
81,0,37.3387,55.7278,68400,37.3377,55.7281,68838,DRIVING,1,1
81,0,37.3377,55.7281,68838,37.3384,55.7324,69276,DRIVING,1,1
81,0,37.3384,55.7324,69276,37.3389,55.7343,69714,DRIVING,1,1
81,0,37.3389,55.7343,69714,37.3521,55.7294,70152,DRIVING,1,1
81,0,37.3521,55.7294,70152,37.3537,55.7233,70590,DRIVING,1,1
81,0,37.3537,55.7233,70590,37.3722,55.7237,71028,DRIVING,1,1
81,0,37.3722,55.7237,71028,37.3734,55.7235,71466,DRIVING,1,1
81,1,37.3734,55.7235,68838,37.3973,55.7248,69169,BUS,1,1
81,2,37.3973,55.7248,69169,37.3983,55.7237,69313,WALKING,1,1
81,3,37.3983,55.7237,69313,37.4076,55.7169,69534,BUS,1,1
81,4,37.4076,55.7169,69534,37.4074,55.7172,69575,WALKING,1,1
81,5,37.4074,55.7172,69575,37.3823,55.6931,70153,BUS,1,1
81,6,37.3823,55.6931,70153,37.3828,55.6933,71041,WALKING,1,1
81,6,37.3828,55.6933,71041,37.383,55.6934,71929,WALKING,1,1
81,6,37.383,55.6934,71929,37.3835,55.6866,72817,WALKING,1,1
81,6,37.3835,55.6866,72817,37.3808,55.6854,73705,WALKING,1,1
82,0,37.3387,55.7278,21600,37.3377,55.7281,22038,DRIVING,0,1
82,0,37.3377,55.7281,22038,37.3384,55.7324,22476,DRIVING,0,1
82,0,37.3384,55.7324,22476,37.3389,55.7343,22914,DRIVING,0,1
82,0,37.3389,55.7343,22914,37.3521,55.7294,23352,DRIVING,0,1
82,0,37.3521,55.7294,23352,37.3537,55.7233,23790,DRIVING,0,1
82,0,37.3537,55.7233,23790,37.3722,55.7237,24228,DRIVING,0,1
82,0,37.3722,55.7237,24228,37.3734,55.7235,24666,DRIVING,0,1
82,1,37.3734,55.7235,22038,37.3973,55.7248,22369,BUS,0,1
82,2,37.3973,55.7248,22369,37.3983,55.7237,22513,WALKING,0,1
82,3,37.3983,55.7237,22513,37.4076,55.7169,22734,BUS,0,1
82,4,37.4076,55.7169,22734,37.4074,55.7172,22775,WALKING,0,1
82,5,37.4074,55.7172,22775,37.3823,55.6931,23353,BUS,0,1
82,6,37.3823,55.6931,23353,37.3805,55.6922,23470,WALKING,0,1
83,0,37.3387,55.7278,82800,37.3377,55.7281,83238,DRIVING,2,0
83,0,37.3377,55.7281,83238,37.3384,55.7324,83676,DRIVING,2,0
83,0,37.3384,55.7324,83676,37.3389,55.7343,84114,DRIVING,2,0
83,0,37.3389,55.7343,84114,37.3521,55.7294,84552,DRIVING,2,0
83,0,37.3521,55.7294,84552,37.3537,55.7233,84990,DRIVING,2,0
83,0,37.3537,55.7233,84990,37.3722,55.7237,85428,DRIVING,2,0
83,0,37.3722,55.7237,85428,37.3734,55.7235,85866,DRIVING,2,0
83,1,37.3734,55.7235,83238,37.4059,55.7318,83849,BUS,2,0
83,2,37.4059,55.7318,83849,37.4055,55.7318,83874,WALKING,2,0
83,3,37.4055,55.7318,83874,37.3924,55.7063,84486,SHARE_TAXI,2,0
83,4,37.3924,55.7063,84486,37.39,55.7069,85509,WALKING,2,0
83,4,37.39,55.7069,85509,37.3889,55.7067,86532,WALKING,2,0
83,4,37.3889,55.7067,86532,37.3887,55.7064,87555,WALKING,2,0
83,4,37.3887,55.7064,87555,37.3877,55.706,88578,WALKING,2,0
83,4,37.3877,55.706,88578,37.3886,55.7052,89601,WALKING,2,0
83,4,37.3886,55.7052,89601,37.3814,55.7017,90624,WALKING,2,0
83,4,37.3814,55.7017,90624,37.3801,55.7009,91647,WALKING,2,0
83,4,37.3801,55.7009,91647,37.3806,55.6995,92670,WALKING,2,0
83,4,37.3806,55.6995,92670,37.3801,55.6993,93693,WALKING,2,0
84,0,37.3387,55.7278,82800,37.3377,55.7281,83238,DRIVING,0,0
84,0,37.3377,55.7281,83238,37.3384,55.7324,83676,DRIVING,0,0
84,0,37.3384,55.7324,83676,37.3389,55.7343,84114,DRIVING,0,0
84,0,37.3389,55.7343,84114,37.3521,55.7294,84552,DRIVING,0,0
84,0,37.3521,55.7294,84552,37.3537,55.7233,84990,DRIVING,0,0
84,0,37.3537,55.7233,84990,37.3722,55.7237,85428,DRIVING,0,0
84,0,37.3722,55.7237,85428,37.3734,55.7235,85866,DRIVING,0,0
84,1,37.3734,55.7235,83238,37.4059,55.7318,83849,BUS,0,0
84,2,37.4059,55.7318,83849,37.4055,55.7318,83874,WALKING,0,0
84,3,37.4055,55.7318,83874,37.3924,55.7063,84486,SHARE_TAXI,0,0
84,4,37.3924,55.7063,84486,37.39,55.7069,85188,WALKING,0,0
84,4,37.39,55.7069,85188,37.3873,55.7065,85890,WALKING,0,0
84,4,37.3873,55.7065,85890,37.3874,55.7063,86592,WALKING,0,0
84,4,37.3874,55.7063,86592,37.3824,55.7048,87294,WALKING,0,0
84,4,37.3824,55.7048,87294,37.3818,55.7054,87996,WALKING,0,0
84,4,37.3818,55.7054,87996,37.3802,55.7059,88698,WALKING,0,0
85,0,37.3387,55.7278,50400,37.3377,55.7281,50838,DRIVING,1,1
85,0,37.3377,55.7281,50838,37.3384,55.7324,51276,DRIVING,1,1
85,0,37.3384,55.7324,51276,37.3389,55.7343,51714,DRIVING,1,1
85,0,37.3389,55.7343,51714,37.3521,55.7294,52152,DRIVING,1,1
85,0,37.3521,55.7294,52152,37.3537,55.7233,52590,DRIVING,1,1
85,0,37.3537,55.7233,52590,37.3722,55.7237,53028,DRIVING,1,1
85,0,37.3722,55.7237,53028,37.3734,55.7235,53466,DRIVING,1,1
85,1,37.3734,55.7235,50838,37.4059,55.7318,51449,BUS,1,1
85,2,37.4059,55.7318,51449,37.4055,55.7318,51474,WALKING,1,1
85,3,37.4055,55.7318,51474,37.3929,55.7148,51844,SHARE_TAXI,1,1
85,4,37.3929,55.7148,51844,37.3868,55.7138,52472,WALKING,1,1
85,4,37.3868,55.7138,52472,37.3802,55.7128,53100,WALKING,1,1
86,0,37.3387,55.7278,50400,37.3377,55.7281,53570,WALKING,2,0
86,0,37.3377,55.7281,53570,37.3321,55.7293,56740,WALKING,2,0
86,0,37.3321,55.7293,56740,37.3518,55.7193,59910,WALKING,2,0
86,0,37.3518,55.7193,59910,37.358,55.7181,63080,WALKING,2,0
86,0,37.358,55.7181,63080,37.3692,55.7177,66250,WALKING,2,0
86,0,37.3692,55.7177,66250,37.3693,55.7176,69420,WALKING,2,0
86,0,37.3693,55.7176,69420,37.3769,55.7201,72590,WALKING,2,0
86,0,37.3769,55.7201,72590,37.3771,55.7193,75760,WALKING,2,0
86,0,37.3771,55.7193,75760,37.3796,55.7193,78930,WALKING,2,0
87,0,37.3387,55.7278,21600,37.3377,55.7281,22038,DRIVING,3,0
87,0,37.3377,55.7281,22038,37.3384,55.7324,22476,DRIVING,3,0
87,0,37.3384,55.7324,22476,37.3389,55.7343,22914,DRIVING,3,0
87,0,37.3389,55.7343,22914,37.3521,55.7294,23352,DRIVING,3,0
87,0,37.3521,55.7294,23352,37.3537,55.7233,23790,DRIVING,3,0
87,0,37.3537,55.7233,23790,37.3722,55.7237,24228,DRIVING,3,0
87,0,37.3722,55.7237,24228,37.3734,55.7235,24666,DRIVING,3,0
87,1,37.3734,55.7235,22038,37.3831,55.7233,22164,BUS,3,0
87,2,37.3831,55.7233,22164,37.3802,55.7265,22574,WALKING,3,0
88,0,37.3387,55.7278,64800,37.3377,55.7281,65238,DRIVING,3,0
88,0,37.3377,55.7281,65238,37.3384,55.7324,65676,DRIVING,3,0
88,0,37.3384,55.7324,65676,37.3389,55.7343,66114,DRIVING,3,0
88,0,37.3389,55.7343,66114,37.3521,55.7294,66552,DRIVING,3,0
88,0,37.3521,55.7294,66552,37.3537,55.7233,66990,DRIVING,3,0
88,0,37.3537,55.7233,66990,37.3722,55.7237,67428,DRIVING,3,0
88,0,37.3722,55.7237,67428,37.3734,55.7235,67866,DRIVING,3,0
88,1,37.3734,55.7235,65238,37.4048,55.7344,65922,BUS,3,0
88,2,37.4048,55.7344,65922,37.4021,55.734,66095,WALKING,3,0
88,3,37.4021,55.734,66095,37.3839,55.7329,66418,SHARE_TAXI,3,0
88,4,37.3839,55.7329,66418,37.3837,55.7328,66557,WALKING,3,0
88,4,37.3837,55.7328,66557,37.3816,55.7334,66696,WALKING,3,0
89,0,37.3387,55.7278,21600,37.3377,55.7281,22038,DRIVING,1,1
89,0,37.3377,55.7281,22038,37.3384,55.7324,22476,DRIVING,1,1
89,0,37.3384,55.7324,22476,37.3389,55.7343,22914,DRIVING,1,1
89,0,37.3389,55.7343,22914,37.3521,55.7294,23352,DRIVING,1,1
89,0,37.3521,55.7294,23352,37.3537,55.7233,23790,DRIVING,1,1
89,0,37.3537,55.7233,23790,37.3722,55.7237,24228,DRIVING,1,1
89,0,37.3722,55.7237,24228,37.3734,55.7235,24666,DRIVING,1,1
89,1,37.3734,55.7235,22038,37.4048,55.7344,22722,BUS,1,1
89,2,37.4048,55.7344,22722,37.4021,55.734,22895,WALKING,1,1
89,3,37.4021,55.734,22895,37.3839,55.7329,23218,SHARE_TAXI,1,1
89,4,37.3839,55.7329,23218,37.3837,55.7328,23460,WALKING,1,1
89,4,37.3837,55.7328,23460,37.3806,55.7341,23702,WALKING,1,1
90,0,37.3387,55.7278,28800,37.3377,55.7281,29238,DRIVING,3,0
90,0,37.3377,55.7281,29238,37.3384,55.7324,29676,DRIVING,3,0
90,0,37.3384,55.7324,29676,37.3389,55.7343,30114,DRIVING,3,0
90,0,37.3389,55.7343,30114,37.3521,55.7294,30552,DRIVING,3,0
90,0,37.3521,55.7294,30552,37.3537,55.7233,30990,DRIVING,3,0
90,0,37.3537,55.7233,30990,37.3722,55.7237,31428,DRIVING,3,0
90,0,37.3722,55.7237,31428,37.3734,55.7235,31866,DRIVING,3,0
90,1,37.3734,55.7235,29238,37.3999,55.7424,30217,BUS,3,0
90,2,37.3999,55.7424,30217,37.3992,55.7429,31408,WALKING,3,0
90,2,37.3992,55.7429,31408,37.3994,55.743,32599,WALKING,3,0
90,2,37.3994,55.743,32599,37.3838,55.7505,33790,WALKING,3,0
90,2,37.3838,55.7505,33790,37.3818,55.7491,34981,WALKING,3,0
91,0,37.3387,55.7278,82800,37.3377,55.7281,83238,DRIVING,2,1
91,0,37.3377,55.7281,83238,37.3384,55.7324,83676,DRIVING,2,1
91,0,37.3384,55.7324,83676,37.3389,55.7343,84114,DRIVING,2,1
91,0,37.3389,55.7343,84114,37.3521,55.7294,84552,DRIVING,2,1
91,0,37.3521,55.7294,84552,37.3537,55.7233,84990,DRIVING,2,1
91,0,37.3537,55.7233,84990,37.3722,55.7237,85428,DRIVING,2,1
91,0,37.3722,55.7237,85428,37.3734,55.7235,85866,DRIVING,2,1
